-- ══════════════════════════════════════════════════════════════════════════════
-- datos_prueba.sql  —  Reset completo + SKUs + datos de prueba
-- Ejecutar después de crear_bd.sql. Se puede relanzar cuantas veces se quiera.
-- ══════════════════════════════════════════════════════════════════════════════

USE reparaciones;

SET SQL_SAFE_UPDATES  = 0;
SET FOREIGN_KEY_CHECKS = 0;

TRUNCATE TABLE Reparacion_componente;
TRUNCATE TABLE Reparacion;
TRUNCATE TABLE Usuario;
TRUNCATE TABLE Telefono;
TRUNCATE TABLE Tecnico;
TRUNCATE TABLE Componente;

SET FOREIGN_KEY_CHECKS = 1;

-- ── Otros ─────────────────────────────────────────────────────────────────────
INSERT INTO Componente (TIPO, STOCK, STOCK_MINIMO, PRECIO_UNIDAD) VALUES ('otroi8', 5, 2, 0.00);
INSERT INTO Componente (TIPO, STOCK, STOCK_MINIMO, PRECIO_UNIDAD) VALUES ('otroi8plus', 5, 2, 0.00);
INSERT INTO Componente (TIPO, STOCK, STOCK_MINIMO, PRECIO_UNIDAD) VALUES ('otroise2020', 5, 2, 0.00);
INSERT INTO Componente (TIPO, STOCK, STOCK_MINIMO, PRECIO_UNIDAD) VALUES ('otroix', 5, 2, 0.00);
INSERT INTO Componente (TIPO, STOCK, STOCK_MINIMO, PRECIO_UNIDAD) VALUES ('otroixr', 5, 2, 0.00);
INSERT INTO Componente (TIPO, STOCK, STOCK_MINIMO, PRECIO_UNIDAD) VALUES ('otroixs', 5, 2, 0.00);
INSERT INTO Componente (TIPO, STOCK, STOCK_MINIMO, PRECIO_UNIDAD) VALUES ('otroixsmax', 5, 2, 0.00);
INSERT INTO Componente (TIPO, STOCK, STOCK_MINIMO, PRECIO_UNIDAD) VALUES ('otroi11', 5, 2, 0.00);
INSERT INTO Componente (TIPO, STOCK, STOCK_MINIMO, PRECIO_UNIDAD) VALUES ('otroi11pro', 5, 2, 0.00);
INSERT INTO Componente (TIPO, STOCK, STOCK_MINIMO, PRECIO_UNIDAD) VALUES ('otroi11promax', 5, 2, 0.00);
INSERT INTO Componente (TIPO, STOCK, STOCK_MINIMO, PRECIO_UNIDAD) VALUES ('otroi12', 5, 2, 0.00);
INSERT INTO Componente (TIPO, STOCK, STOCK_MINIMO, PRECIO_UNIDAD) VALUES ('otroi12mini', 5, 2, 0.00);
INSERT INTO Componente (TIPO, STOCK, STOCK_MINIMO, PRECIO_UNIDAD) VALUES ('otroi12pro', 5, 2, 0.00);
INSERT INTO Componente (TIPO, STOCK, STOCK_MINIMO, PRECIO_UNIDAD) VALUES ('otroi12promax', 5, 2, 0.00);
INSERT INTO Componente (TIPO, STOCK, STOCK_MINIMO, PRECIO_UNIDAD) VALUES ('otroi13', 5, 2, 0.00);
INSERT INTO Componente (TIPO, STOCK, STOCK_MINIMO, PRECIO_UNIDAD) VALUES ('otroi13mini', 5, 2, 0.00);
INSERT INTO Componente (TIPO, STOCK, STOCK_MINIMO, PRECIO_UNIDAD) VALUES ('otroi13pro', 5, 2, 0.00);
INSERT INTO Componente (TIPO, STOCK, STOCK_MINIMO, PRECIO_UNIDAD) VALUES ('otroi13promax', 5, 2, 0.00);
INSERT INTO Componente (TIPO, STOCK, STOCK_MINIMO, PRECIO_UNIDAD) VALUES ('otroi14', 5, 2, 0.00);
INSERT INTO Componente (TIPO, STOCK, STOCK_MINIMO, PRECIO_UNIDAD) VALUES ('otroi14plus', 5, 2, 0.00);
INSERT INTO Componente (TIPO, STOCK, STOCK_MINIMO, PRECIO_UNIDAD) VALUES ('otroi14pro', 5, 2, 0.00);
INSERT INTO Componente (TIPO, STOCK, STOCK_MINIMO, PRECIO_UNIDAD) VALUES ('otroi14promax', 5, 2, 0.00);
INSERT INTO Componente (TIPO, STOCK, STOCK_MINIMO, PRECIO_UNIDAD) VALUES ('otroi15', 5, 2, 0.00);
INSERT INTO Componente (TIPO, STOCK, STOCK_MINIMO, PRECIO_UNIDAD) VALUES ('otroi15plus', 5, 2, 0.00);
INSERT INTO Componente (TIPO, STOCK, STOCK_MINIMO, PRECIO_UNIDAD) VALUES ('otroi15pro', 5, 2, 0.00);
INSERT INTO Componente (TIPO, STOCK, STOCK_MINIMO, PRECIO_UNIDAD) VALUES ('otroi15promax', 5, 2, 0.00);
INSERT INTO Componente (TIPO, STOCK, STOCK_MINIMO, PRECIO_UNIDAD) VALUES ('otroi16', 5, 2, 0.00);
INSERT INTO Componente (TIPO, STOCK, STOCK_MINIMO, PRECIO_UNIDAD) VALUES ('otroi16e', 5, 2, 0.00);
INSERT INTO Componente (TIPO, STOCK, STOCK_MINIMO, PRECIO_UNIDAD) VALUES ('otroi16pro', 5, 2, 0.00);
INSERT INTO Componente (TIPO, STOCK, STOCK_MINIMO, PRECIO_UNIDAD) VALUES ('otroi16promax', 5, 2, 0.00);
INSERT INTO Componente (TIPO, STOCK, STOCK_MINIMO, PRECIO_UNIDAD) VALUES ('otroi16plus', 5, 2, 0.00);

-- ── Batería ───────────────────────────────────────────────────────────────────
INSERT INTO Componente (TIPO, STOCK, STOCK_MINIMO, PRECIO_UNIDAD) VALUES ('bati8', 5, 2, 0.00);
INSERT INTO Componente (TIPO, STOCK, STOCK_MINIMO, PRECIO_UNIDAD) VALUES ('bati8plus', 5, 2, 0.00);
INSERT INTO Componente (TIPO, STOCK, STOCK_MINIMO, PRECIO_UNIDAD) VALUES ('batise2020', 5, 2, 0.00);
INSERT INTO Componente (TIPO, STOCK, STOCK_MINIMO, PRECIO_UNIDAD) VALUES ('batix', 5, 2, 0.00);
INSERT INTO Componente (TIPO, STOCK, STOCK_MINIMO, PRECIO_UNIDAD) VALUES ('batixr', 5, 2, 0.00);
INSERT INTO Componente (TIPO, STOCK, STOCK_MINIMO, PRECIO_UNIDAD) VALUES ('batixs', 5, 2, 0.00);
INSERT INTO Componente (TIPO, STOCK, STOCK_MINIMO, PRECIO_UNIDAD) VALUES ('batixsmax', 5, 2, 0.00);
INSERT INTO Componente (TIPO, STOCK, STOCK_MINIMO, PRECIO_UNIDAD) VALUES ('bati11', 5, 2, 0.00);
INSERT INTO Componente (TIPO, STOCK, STOCK_MINIMO, PRECIO_UNIDAD) VALUES ('bati11pro', 5, 2, 0.00);
INSERT INTO Componente (TIPO, STOCK, STOCK_MINIMO, PRECIO_UNIDAD) VALUES ('bati11promax', 5, 2, 0.00);
INSERT INTO Componente (TIPO, STOCK, STOCK_MINIMO, PRECIO_UNIDAD) VALUES ('bati12', 5, 2, 0.00);
INSERT INTO Componente (TIPO, STOCK, STOCK_MINIMO, PRECIO_UNIDAD) VALUES ('bati12mini', 5, 2, 0.00);
INSERT INTO Componente (TIPO, STOCK, STOCK_MINIMO, PRECIO_UNIDAD) VALUES ('bati12pro', 5, 2, 0.00);
INSERT INTO Componente (TIPO, STOCK, STOCK_MINIMO, PRECIO_UNIDAD) VALUES ('bati12promax', 5, 2, 0.00);
INSERT INTO Componente (TIPO, STOCK, STOCK_MINIMO, PRECIO_UNIDAD) VALUES ('bati13', 5, 2, 0.00);
INSERT INTO Componente (TIPO, STOCK, STOCK_MINIMO, PRECIO_UNIDAD) VALUES ('bati13mini', 5, 2, 0.00);
INSERT INTO Componente (TIPO, STOCK, STOCK_MINIMO, PRECIO_UNIDAD) VALUES ('bati13pro', 5, 2, 0.00);
INSERT INTO Componente (TIPO, STOCK, STOCK_MINIMO, PRECIO_UNIDAD) VALUES ('bati13promax', 5, 2, 0.00);
INSERT INTO Componente (TIPO, STOCK, STOCK_MINIMO, PRECIO_UNIDAD) VALUES ('bati14', 5, 2, 0.00);
INSERT INTO Componente (TIPO, STOCK, STOCK_MINIMO, PRECIO_UNIDAD) VALUES ('bati14plus', 5, 2, 0.00);
INSERT INTO Componente (TIPO, STOCK, STOCK_MINIMO, PRECIO_UNIDAD) VALUES ('bati14pro', 5, 2, 0.00);
INSERT INTO Componente (TIPO, STOCK, STOCK_MINIMO, PRECIO_UNIDAD) VALUES ('bati14promax', 5, 2, 0.00);
INSERT INTO Componente (TIPO, STOCK, STOCK_MINIMO, PRECIO_UNIDAD) VALUES ('bati15', 5, 2, 0.00);
INSERT INTO Componente (TIPO, STOCK, STOCK_MINIMO, PRECIO_UNIDAD) VALUES ('bati15plus', 5, 2, 0.00);
INSERT INTO Componente (TIPO, STOCK, STOCK_MINIMO, PRECIO_UNIDAD) VALUES ('bati15pro', 5, 2, 0.00);
INSERT INTO Componente (TIPO, STOCK, STOCK_MINIMO, PRECIO_UNIDAD) VALUES ('bati15promax', 5, 2, 0.00);
INSERT INTO Componente (TIPO, STOCK, STOCK_MINIMO, PRECIO_UNIDAD) VALUES ('bati16', 5, 2, 0.00);
INSERT INTO Componente (TIPO, STOCK, STOCK_MINIMO, PRECIO_UNIDAD) VALUES ('bati16e', 5, 2, 0.00);
INSERT INTO Componente (TIPO, STOCK, STOCK_MINIMO, PRECIO_UNIDAD) VALUES ('bati16pro', 5, 2, 0.00);
INSERT INTO Componente (TIPO, STOCK, STOCK_MINIMO, PRECIO_UNIDAD) VALUES ('bati16promax', 5, 2, 0.00);
INSERT INTO Componente (TIPO, STOCK, STOCK_MINIMO, PRECIO_UNIDAD) VALUES ('bati16plus', 5, 2, 0.00);

-- ── Pantalla ──────────────────────────────────────────────────────────────────
INSERT INTO Componente (TIPO, STOCK, STOCK_MINIMO, PRECIO_UNIDAD) VALUES ('lcdi11negraic', 5, 2, 0.00);
INSERT INTO Componente (TIPO, STOCK, STOCK_MINIMO, PRECIO_UNIDAD) VALUES ('lcdi11pronegraic', 5, 2, 0.00);
INSERT INTO Componente (TIPO, STOCK, STOCK_MINIMO, PRECIO_UNIDAD) VALUES ('lcdi11promaxnegraic', 5, 2, 0.00);
INSERT INTO Componente (TIPO, STOCK, STOCK_MINIMO, PRECIO_UNIDAD) VALUES ('lcdi12negraic', 5, 2, 0.00);
INSERT INTO Componente (TIPO, STOCK, STOCK_MINIMO, PRECIO_UNIDAD) VALUES ('lcdi12mininegraic', 5, 2, 0.00);
INSERT INTO Componente (TIPO, STOCK, STOCK_MINIMO, PRECIO_UNIDAD) VALUES ('lcdi12promaxnegraic', 5, 2, 0.00);
INSERT INTO Componente (TIPO, STOCK, STOCK_MINIMO, PRECIO_UNIDAD) VALUES ('lcdi13negraic', 5, 2, 0.00);
INSERT INTO Componente (TIPO, STOCK, STOCK_MINIMO, PRECIO_UNIDAD) VALUES ('lcdi13mininegraic', 5, 2, 0.00);
INSERT INTO Componente (TIPO, STOCK, STOCK_MINIMO, PRECIO_UNIDAD) VALUES ('lcdi13pronegraic', 5, 2, 0.00);
INSERT INTO Componente (TIPO, STOCK, STOCK_MINIMO, PRECIO_UNIDAD) VALUES ('lcdi13promaxnegraic', 5, 2, 0.00);
INSERT INTO Componente (TIPO, STOCK, STOCK_MINIMO, PRECIO_UNIDAD) VALUES ('lcdi14negraic', 5, 2, 0.00);
INSERT INTO Componente (TIPO, STOCK, STOCK_MINIMO, PRECIO_UNIDAD) VALUES ('lcdi14pronegraic', 5, 2, 0.00);
INSERT INTO Componente (TIPO, STOCK, STOCK_MINIMO, PRECIO_UNIDAD) VALUES ('lcdi14plusnegraic', 5, 2, 0.00);
INSERT INTO Componente (TIPO, STOCK, STOCK_MINIMO, PRECIO_UNIDAD) VALUES ('lcdi14promaxnegraic', 5, 2, 0.00);
INSERT INTO Componente (TIPO, STOCK, STOCK_MINIMO, PRECIO_UNIDAD) VALUES ('lcdi15negraic', 5, 2, 0.00);
INSERT INTO Componente (TIPO, STOCK, STOCK_MINIMO, PRECIO_UNIDAD) VALUES ('lcdi15plusnegraic', 5, 2, 0.00);
INSERT INTO Componente (TIPO, STOCK, STOCK_MINIMO, PRECIO_UNIDAD) VALUES ('lcdi15pronegraic', 5, 2, 0.00);
INSERT INTO Componente (TIPO, STOCK, STOCK_MINIMO, PRECIO_UNIDAD) VALUES ('lcdi15promaxnegraic', 5, 2, 0.00);
INSERT INTO Componente (TIPO, STOCK, STOCK_MINIMO, PRECIO_UNIDAD) VALUES ('lcdi16negraic', 5, 2, 0.00);
INSERT INTO Componente (TIPO, STOCK, STOCK_MINIMO, PRECIO_UNIDAD) VALUES ('lcdi16enegraic', 5, 2, 0.00);
INSERT INTO Componente (TIPO, STOCK, STOCK_MINIMO, PRECIO_UNIDAD) VALUES ('lcdi16pronegraic', 5, 2, 0.00);
INSERT INTO Componente (TIPO, STOCK, STOCK_MINIMO, PRECIO_UNIDAD) VALUES ('lcdi16promaxnegraic', 5, 2, 0.00);
INSERT INTO Componente (TIPO, STOCK, STOCK_MINIMO, PRECIO_UNIDAD) VALUES ('lcdi16plusnegraic', 5, 2, 0.00);

-- ── Cámara ────────────────────────────────────────────────────────────────────
INSERT INTO Componente (TIPO, STOCK, STOCK_MINIMO, PRECIO_UNIDAD) VALUES ('cami8', 5, 2, 0.00);
INSERT INTO Componente (TIPO, STOCK, STOCK_MINIMO, PRECIO_UNIDAD) VALUES ('cami8plus', 5, 2, 0.00);
INSERT INTO Componente (TIPO, STOCK, STOCK_MINIMO, PRECIO_UNIDAD) VALUES ('camise2020', 5, 2, 0.00);
INSERT INTO Componente (TIPO, STOCK, STOCK_MINIMO, PRECIO_UNIDAD) VALUES ('camix', 5, 2, 0.00);
INSERT INTO Componente (TIPO, STOCK, STOCK_MINIMO, PRECIO_UNIDAD) VALUES ('camixr', 5, 2, 0.00);
INSERT INTO Componente (TIPO, STOCK, STOCK_MINIMO, PRECIO_UNIDAD) VALUES ('camixs', 5, 2, 0.00);
INSERT INTO Componente (TIPO, STOCK, STOCK_MINIMO, PRECIO_UNIDAD) VALUES ('camixsmax', 5, 2, 0.00);
INSERT INTO Componente (TIPO, STOCK, STOCK_MINIMO, PRECIO_UNIDAD) VALUES ('cami11', 5, 2, 0.00);
INSERT INTO Componente (TIPO, STOCK, STOCK_MINIMO, PRECIO_UNIDAD) VALUES ('cami11pro', 5, 2, 0.00);
INSERT INTO Componente (TIPO, STOCK, STOCK_MINIMO, PRECIO_UNIDAD) VALUES ('cami11promax', 5, 2, 0.00);
INSERT INTO Componente (TIPO, STOCK, STOCK_MINIMO, PRECIO_UNIDAD) VALUES ('cami12', 5, 2, 0.00);
INSERT INTO Componente (TIPO, STOCK, STOCK_MINIMO, PRECIO_UNIDAD) VALUES ('cami12mini', 5, 2, 0.00);
INSERT INTO Componente (TIPO, STOCK, STOCK_MINIMO, PRECIO_UNIDAD) VALUES ('cami12pro', 5, 2, 0.00);
INSERT INTO Componente (TIPO, STOCK, STOCK_MINIMO, PRECIO_UNIDAD) VALUES ('cami12promax', 5, 2, 0.00);
INSERT INTO Componente (TIPO, STOCK, STOCK_MINIMO, PRECIO_UNIDAD) VALUES ('cami13', 5, 2, 0.00);
INSERT INTO Componente (TIPO, STOCK, STOCK_MINIMO, PRECIO_UNIDAD) VALUES ('cami13mini', 5, 2, 0.00);
INSERT INTO Componente (TIPO, STOCK, STOCK_MINIMO, PRECIO_UNIDAD) VALUES ('cami13pro', 5, 2, 0.00);
INSERT INTO Componente (TIPO, STOCK, STOCK_MINIMO, PRECIO_UNIDAD) VALUES ('cami13promax', 5, 2, 0.00);
INSERT INTO Componente (TIPO, STOCK, STOCK_MINIMO, PRECIO_UNIDAD) VALUES ('cami14', 5, 2, 0.00);
INSERT INTO Componente (TIPO, STOCK, STOCK_MINIMO, PRECIO_UNIDAD) VALUES ('cami14plus', 5, 2, 0.00);
INSERT INTO Componente (TIPO, STOCK, STOCK_MINIMO, PRECIO_UNIDAD) VALUES ('cami14pro', 5, 2, 0.00);
INSERT INTO Componente (TIPO, STOCK, STOCK_MINIMO, PRECIO_UNIDAD) VALUES ('cami14promax', 5, 2, 0.00);
INSERT INTO Componente (TIPO, STOCK, STOCK_MINIMO, PRECIO_UNIDAD) VALUES ('cami15', 5, 2, 0.00);
INSERT INTO Componente (TIPO, STOCK, STOCK_MINIMO, PRECIO_UNIDAD) VALUES ('cami15plus', 5, 2, 0.00);
INSERT INTO Componente (TIPO, STOCK, STOCK_MINIMO, PRECIO_UNIDAD) VALUES ('cami15pro', 5, 2, 0.00);
INSERT INTO Componente (TIPO, STOCK, STOCK_MINIMO, PRECIO_UNIDAD) VALUES ('cami15promax', 5, 2, 0.00);
INSERT INTO Componente (TIPO, STOCK, STOCK_MINIMO, PRECIO_UNIDAD) VALUES ('cami16', 5, 2, 0.00);
INSERT INTO Componente (TIPO, STOCK, STOCK_MINIMO, PRECIO_UNIDAD) VALUES ('cami16e', 5, 2, 0.00);
INSERT INTO Componente (TIPO, STOCK, STOCK_MINIMO, PRECIO_UNIDAD) VALUES ('cami16pro', 5, 2, 0.00);
INSERT INTO Componente (TIPO, STOCK, STOCK_MINIMO, PRECIO_UNIDAD) VALUES ('cami16promax', 5, 2, 0.00);
INSERT INTO Componente (TIPO, STOCK, STOCK_MINIMO, PRECIO_UNIDAD) VALUES ('cami16plus', 5, 2, 0.00);

-- ── Chasis ────────────────────────────────────────────────────────────────────
INSERT INTO Componente (TIPO, STOCK, STOCK_MINIMO, PRECIO_UNIDAD) VALUES ('chai8silver', 5, 2, 0.00);
INSERT INTO Componente (TIPO, STOCK, STOCK_MINIMO, PRECIO_UNIDAD) VALUES ('chai8gold', 5, 2, 0.00);
INSERT INTO Componente (TIPO, STOCK, STOCK_MINIMO, PRECIO_UNIDAD) VALUES ('chai8spacegrey', 5, 2, 0.00);
INSERT INTO Componente (TIPO, STOCK, STOCK_MINIMO, PRECIO_UNIDAD) VALUES ('chai8productred', 5, 2, 0.00);
INSERT INTO Componente (TIPO, STOCK, STOCK_MINIMO, PRECIO_UNIDAD) VALUES ('chai8plussilver', 5, 2, 0.00);
INSERT INTO Componente (TIPO, STOCK, STOCK_MINIMO, PRECIO_UNIDAD) VALUES ('chai8plusgold', 5, 2, 0.00);
INSERT INTO Componente (TIPO, STOCK, STOCK_MINIMO, PRECIO_UNIDAD) VALUES ('chai8plusspacegrey', 5, 2, 0.00);
INSERT INTO Componente (TIPO, STOCK, STOCK_MINIMO, PRECIO_UNIDAD) VALUES ('chai8plusproductred', 5, 2, 0.00);
INSERT INTO Componente (TIPO, STOCK, STOCK_MINIMO, PRECIO_UNIDAD) VALUES ('chaise2020black', 5, 2, 0.00);
INSERT INTO Componente (TIPO, STOCK, STOCK_MINIMO, PRECIO_UNIDAD) VALUES ('chaise2020white', 5, 2, 0.00);
INSERT INTO Componente (TIPO, STOCK, STOCK_MINIMO, PRECIO_UNIDAD) VALUES ('chaise2020productred', 5, 2, 0.00);
INSERT INTO Componente (TIPO, STOCK, STOCK_MINIMO, PRECIO_UNIDAD) VALUES ('chaixsilver', 5, 2, 0.00);
INSERT INTO Componente (TIPO, STOCK, STOCK_MINIMO, PRECIO_UNIDAD) VALUES ('chaixspacegrey', 5, 2, 0.00);
INSERT INTO Componente (TIPO, STOCK, STOCK_MINIMO, PRECIO_UNIDAD) VALUES ('chaixssilver', 5, 2, 0.00);
INSERT INTO Componente (TIPO, STOCK, STOCK_MINIMO, PRECIO_UNIDAD) VALUES ('chaixsspacegrey', 5, 2, 0.00);
INSERT INTO Componente (TIPO, STOCK, STOCK_MINIMO, PRECIO_UNIDAD) VALUES ('chaixsgold', 5, 2, 0.00);
INSERT INTO Componente (TIPO, STOCK, STOCK_MINIMO, PRECIO_UNIDAD) VALUES ('chaixsmaxsilver', 5, 2, 0.00);
INSERT INTO Componente (TIPO, STOCK, STOCK_MINIMO, PRECIO_UNIDAD) VALUES ('chaixsmaxspacegrey', 5, 2, 0.00);
INSERT INTO Componente (TIPO, STOCK, STOCK_MINIMO, PRECIO_UNIDAD) VALUES ('chaixsmaxgold', 5, 2, 0.00);
INSERT INTO Componente (TIPO, STOCK, STOCK_MINIMO, PRECIO_UNIDAD) VALUES ('chaixrproductred', 5, 2, 0.00);
INSERT INTO Componente (TIPO, STOCK, STOCK_MINIMO, PRECIO_UNIDAD) VALUES ('chaixryellow', 5, 2, 0.00);
INSERT INTO Componente (TIPO, STOCK, STOCK_MINIMO, PRECIO_UNIDAD) VALUES ('chaixrwhite', 5, 2, 0.00);
INSERT INTO Componente (TIPO, STOCK, STOCK_MINIMO, PRECIO_UNIDAD) VALUES ('chaixrcoral', 5, 2, 0.00);
INSERT INTO Componente (TIPO, STOCK, STOCK_MINIMO, PRECIO_UNIDAD) VALUES ('chaixrblack', 5, 2, 0.00);
INSERT INTO Componente (TIPO, STOCK, STOCK_MINIMO, PRECIO_UNIDAD) VALUES ('chaixrblue', 5, 2, 0.00);
INSERT INTO Componente (TIPO, STOCK, STOCK_MINIMO, PRECIO_UNIDAD) VALUES ('chai11black', 5, 2, 0.00);
INSERT INTO Componente (TIPO, STOCK, STOCK_MINIMO, PRECIO_UNIDAD) VALUES ('chai11green', 5, 2, 0.00);
INSERT INTO Componente (TIPO, STOCK, STOCK_MINIMO, PRECIO_UNIDAD) VALUES ('chai11yellow', 5, 2, 0.00);
INSERT INTO Componente (TIPO, STOCK, STOCK_MINIMO, PRECIO_UNIDAD) VALUES ('chai11purple', 5, 2, 0.00);
INSERT INTO Componente (TIPO, STOCK, STOCK_MINIMO, PRECIO_UNIDAD) VALUES ('chai11productred', 5, 2, 0.00);
INSERT INTO Componente (TIPO, STOCK, STOCK_MINIMO, PRECIO_UNIDAD) VALUES ('chai11white', 5, 2, 0.00);
INSERT INTO Componente (TIPO, STOCK, STOCK_MINIMO, PRECIO_UNIDAD) VALUES ('chai11progold', 5, 2, 0.00);
INSERT INTO Componente (TIPO, STOCK, STOCK_MINIMO, PRECIO_UNIDAD) VALUES ('chai11prospacegray', 5, 2, 0.00);
INSERT INTO Componente (TIPO, STOCK, STOCK_MINIMO, PRECIO_UNIDAD) VALUES ('chai11prosilver', 5, 2, 0.00);
INSERT INTO Componente (TIPO, STOCK, STOCK_MINIMO, PRECIO_UNIDAD) VALUES ('chai11promidnightgreen', 5, 2, 0.00);
INSERT INTO Componente (TIPO, STOCK, STOCK_MINIMO, PRECIO_UNIDAD) VALUES ('chai11promaxgold', 5, 2, 0.00);
INSERT INTO Componente (TIPO, STOCK, STOCK_MINIMO, PRECIO_UNIDAD) VALUES ('chai11promaxspacegray', 5, 2, 0.00);
INSERT INTO Componente (TIPO, STOCK, STOCK_MINIMO, PRECIO_UNIDAD) VALUES ('chai11promaxsilver', 5, 2, 0.00);
INSERT INTO Componente (TIPO, STOCK, STOCK_MINIMO, PRECIO_UNIDAD) VALUES ('chai11promaxmidnightgreen', 5, 2, 0.00);
INSERT INTO Componente (TIPO, STOCK, STOCK_MINIMO, PRECIO_UNIDAD) VALUES ('chai12black', 5, 2, 0.00);
INSERT INTO Componente (TIPO, STOCK, STOCK_MINIMO, PRECIO_UNIDAD) VALUES ('chai12white', 5, 2, 0.00);
INSERT INTO Componente (TIPO, STOCK, STOCK_MINIMO, PRECIO_UNIDAD) VALUES ('chai12productred', 5, 2, 0.00);
INSERT INTO Componente (TIPO, STOCK, STOCK_MINIMO, PRECIO_UNIDAD) VALUES ('chai12green', 5, 2, 0.00);
INSERT INTO Componente (TIPO, STOCK, STOCK_MINIMO, PRECIO_UNIDAD) VALUES ('chai12blue', 5, 2, 0.00);
INSERT INTO Componente (TIPO, STOCK, STOCK_MINIMO, PRECIO_UNIDAD) VALUES ('chai12purple', 5, 2, 0.00);
INSERT INTO Componente (TIPO, STOCK, STOCK_MINIMO, PRECIO_UNIDAD) VALUES ('chai12miniblack', 5, 2, 0.00);
INSERT INTO Componente (TIPO, STOCK, STOCK_MINIMO, PRECIO_UNIDAD) VALUES ('chai12miniwhite', 5, 2, 0.00);
INSERT INTO Componente (TIPO, STOCK, STOCK_MINIMO, PRECIO_UNIDAD) VALUES ('chai12miniproductred', 5, 2, 0.00);
INSERT INTO Componente (TIPO, STOCK, STOCK_MINIMO, PRECIO_UNIDAD) VALUES ('chai12minigreen', 5, 2, 0.00);
INSERT INTO Componente (TIPO, STOCK, STOCK_MINIMO, PRECIO_UNIDAD) VALUES ('chai12miniblue', 5, 2, 0.00);
INSERT INTO Componente (TIPO, STOCK, STOCK_MINIMO, PRECIO_UNIDAD) VALUES ('chai12minipurple', 5, 2, 0.00);
INSERT INTO Componente (TIPO, STOCK, STOCK_MINIMO, PRECIO_UNIDAD) VALUES ('chai12prosilver', 5, 2, 0.00);
INSERT INTO Componente (TIPO, STOCK, STOCK_MINIMO, PRECIO_UNIDAD) VALUES ('chai12prographite', 5, 2, 0.00);
INSERT INTO Componente (TIPO, STOCK, STOCK_MINIMO, PRECIO_UNIDAD) VALUES ('chai12progold', 5, 2, 0.00);
INSERT INTO Componente (TIPO, STOCK, STOCK_MINIMO, PRECIO_UNIDAD) VALUES ('chai12propacificblue', 5, 2, 0.00);
INSERT INTO Componente (TIPO, STOCK, STOCK_MINIMO, PRECIO_UNIDAD) VALUES ('chai12promaxsilver', 5, 2, 0.00);
INSERT INTO Componente (TIPO, STOCK, STOCK_MINIMO, PRECIO_UNIDAD) VALUES ('chai12promaxgraphite', 5, 2, 0.00);
INSERT INTO Componente (TIPO, STOCK, STOCK_MINIMO, PRECIO_UNIDAD) VALUES ('chai12promaxgold', 5, 2, 0.00);
INSERT INTO Componente (TIPO, STOCK, STOCK_MINIMO, PRECIO_UNIDAD) VALUES ('chai12promaxpacificblue', 5, 2, 0.00);
INSERT INTO Componente (TIPO, STOCK, STOCK_MINIMO, PRECIO_UNIDAD) VALUES ('chai13productred', 5, 2, 0.00);
INSERT INTO Componente (TIPO, STOCK, STOCK_MINIMO, PRECIO_UNIDAD) VALUES ('chai13starlight', 5, 2, 0.00);
INSERT INTO Componente (TIPO, STOCK, STOCK_MINIMO, PRECIO_UNIDAD) VALUES ('chai13midnight', 5, 2, 0.00);
INSERT INTO Componente (TIPO, STOCK, STOCK_MINIMO, PRECIO_UNIDAD) VALUES ('chai13pink', 5, 2, 0.00);
INSERT INTO Componente (TIPO, STOCK, STOCK_MINIMO, PRECIO_UNIDAD) VALUES ('chai13blue', 5, 2, 0.00);
INSERT INTO Componente (TIPO, STOCK, STOCK_MINIMO, PRECIO_UNIDAD) VALUES ('chai13green', 5, 2, 0.00);
INSERT INTO Componente (TIPO, STOCK, STOCK_MINIMO, PRECIO_UNIDAD) VALUES ('chai13miniproductred', 5, 2, 0.00);
INSERT INTO Componente (TIPO, STOCK, STOCK_MINIMO, PRECIO_UNIDAD) VALUES ('chai13ministarlight', 5, 2, 0.00);
INSERT INTO Componente (TIPO, STOCK, STOCK_MINIMO, PRECIO_UNIDAD) VALUES ('chai13minimidnight', 5, 2, 0.00);
INSERT INTO Componente (TIPO, STOCK, STOCK_MINIMO, PRECIO_UNIDAD) VALUES ('chai13miniblue', 5, 2, 0.00);
INSERT INTO Componente (TIPO, STOCK, STOCK_MINIMO, PRECIO_UNIDAD) VALUES ('chai13minipink', 5, 2, 0.00);
INSERT INTO Componente (TIPO, STOCK, STOCK_MINIMO, PRECIO_UNIDAD) VALUES ('chai13minigreen', 5, 2, 0.00);
INSERT INTO Componente (TIPO, STOCK, STOCK_MINIMO, PRECIO_UNIDAD) VALUES ('chai13prographite', 5, 2, 0.00);
INSERT INTO Componente (TIPO, STOCK, STOCK_MINIMO, PRECIO_UNIDAD) VALUES ('chai13progold', 5, 2, 0.00);
INSERT INTO Componente (TIPO, STOCK, STOCK_MINIMO, PRECIO_UNIDAD) VALUES ('chai13prosilver', 5, 2, 0.00);
INSERT INTO Componente (TIPO, STOCK, STOCK_MINIMO, PRECIO_UNIDAD) VALUES ('chai13prosierrablue', 5, 2, 0.00);
INSERT INTO Componente (TIPO, STOCK, STOCK_MINIMO, PRECIO_UNIDAD) VALUES ('chai13proalpinegreen', 5, 2, 0.00);
INSERT INTO Componente (TIPO, STOCK, STOCK_MINIMO, PRECIO_UNIDAD) VALUES ('chai13promaxgraphite', 5, 2, 0.00);
INSERT INTO Componente (TIPO, STOCK, STOCK_MINIMO, PRECIO_UNIDAD) VALUES ('chai13promaxgold', 5, 2, 0.00);
INSERT INTO Componente (TIPO, STOCK, STOCK_MINIMO, PRECIO_UNIDAD) VALUES ('chai13promaxsilver', 5, 2, 0.00);
INSERT INTO Componente (TIPO, STOCK, STOCK_MINIMO, PRECIO_UNIDAD) VALUES ('chai13promaxsierrablue', 5, 2, 0.00);
INSERT INTO Componente (TIPO, STOCK, STOCK_MINIMO, PRECIO_UNIDAD) VALUES ('chai13promaxalpinegreen', 5, 2, 0.00);
INSERT INTO Componente (TIPO, STOCK, STOCK_MINIMO, PRECIO_UNIDAD) VALUES ('chai14midnight', 5, 2, 0.00);
INSERT INTO Componente (TIPO, STOCK, STOCK_MINIMO, PRECIO_UNIDAD) VALUES ('chai14purple', 5, 2, 0.00);
INSERT INTO Componente (TIPO, STOCK, STOCK_MINIMO, PRECIO_UNIDAD) VALUES ('chai14starlight', 5, 2, 0.00);
INSERT INTO Componente (TIPO, STOCK, STOCK_MINIMO, PRECIO_UNIDAD) VALUES ('chai14productred', 5, 2, 0.00);
INSERT INTO Componente (TIPO, STOCK, STOCK_MINIMO, PRECIO_UNIDAD) VALUES ('chai14blue', 5, 2, 0.00);
INSERT INTO Componente (TIPO, STOCK, STOCK_MINIMO, PRECIO_UNIDAD) VALUES ('chai14yellow', 5, 2, 0.00);
INSERT INTO Componente (TIPO, STOCK, STOCK_MINIMO, PRECIO_UNIDAD) VALUES ('chai14plusmidnight', 5, 2, 0.00);
INSERT INTO Componente (TIPO, STOCK, STOCK_MINIMO, PRECIO_UNIDAD) VALUES ('chai14pluspurple', 5, 2, 0.00);
INSERT INTO Componente (TIPO, STOCK, STOCK_MINIMO, PRECIO_UNIDAD) VALUES ('chai14plusstarlight', 5, 2, 0.00);
INSERT INTO Componente (TIPO, STOCK, STOCK_MINIMO, PRECIO_UNIDAD) VALUES ('chai14plusproductred', 5, 2, 0.00);
INSERT INTO Componente (TIPO, STOCK, STOCK_MINIMO, PRECIO_UNIDAD) VALUES ('chai14plusblue', 5, 2, 0.00);
INSERT INTO Componente (TIPO, STOCK, STOCK_MINIMO, PRECIO_UNIDAD) VALUES ('chai14plusyellow', 5, 2, 0.00);
INSERT INTO Componente (TIPO, STOCK, STOCK_MINIMO, PRECIO_UNIDAD) VALUES ('chai14prospaceblack', 5, 2, 0.00);
INSERT INTO Componente (TIPO, STOCK, STOCK_MINIMO, PRECIO_UNIDAD) VALUES ('chai14prosilver', 5, 2, 0.00);
INSERT INTO Componente (TIPO, STOCK, STOCK_MINIMO, PRECIO_UNIDAD) VALUES ('chai14progold', 5, 2, 0.00);
INSERT INTO Componente (TIPO, STOCK, STOCK_MINIMO, PRECIO_UNIDAD) VALUES ('chai14prodeeppurple', 5, 2, 0.00);
INSERT INTO Componente (TIPO, STOCK, STOCK_MINIMO, PRECIO_UNIDAD) VALUES ('chai14promaxspaceblack', 5, 2, 0.00);
INSERT INTO Componente (TIPO, STOCK, STOCK_MINIMO, PRECIO_UNIDAD) VALUES ('chai14promaxsilver', 5, 2, 0.00);
INSERT INTO Componente (TIPO, STOCK, STOCK_MINIMO, PRECIO_UNIDAD) VALUES ('chai14promaxgold', 5, 2, 0.00);
INSERT INTO Componente (TIPO, STOCK, STOCK_MINIMO, PRECIO_UNIDAD) VALUES ('chai14promaxdeeppurple', 5, 2, 0.00);
INSERT INTO Componente (TIPO, STOCK, STOCK_MINIMO, PRECIO_UNIDAD) VALUES ('chai15black', 5, 2, 0.00);
INSERT INTO Componente (TIPO, STOCK, STOCK_MINIMO, PRECIO_UNIDAD) VALUES ('chai15blue', 5, 2, 0.00);
INSERT INTO Componente (TIPO, STOCK, STOCK_MINIMO, PRECIO_UNIDAD) VALUES ('chai15green', 5, 2, 0.00);
INSERT INTO Componente (TIPO, STOCK, STOCK_MINIMO, PRECIO_UNIDAD) VALUES ('chai15yellow', 5, 2, 0.00);
INSERT INTO Componente (TIPO, STOCK, STOCK_MINIMO, PRECIO_UNIDAD) VALUES ('chai15pink', 5, 2, 0.00);
INSERT INTO Componente (TIPO, STOCK, STOCK_MINIMO, PRECIO_UNIDAD) VALUES ('chai15plusblack', 5, 2, 0.00);
INSERT INTO Componente (TIPO, STOCK, STOCK_MINIMO, PRECIO_UNIDAD) VALUES ('chai15plusblue', 5, 2, 0.00);
INSERT INTO Componente (TIPO, STOCK, STOCK_MINIMO, PRECIO_UNIDAD) VALUES ('chai15plusgreen', 5, 2, 0.00);
INSERT INTO Componente (TIPO, STOCK, STOCK_MINIMO, PRECIO_UNIDAD) VALUES ('chai15plusyellow', 5, 2, 0.00);
INSERT INTO Componente (TIPO, STOCK, STOCK_MINIMO, PRECIO_UNIDAD) VALUES ('chai15pluspink', 5, 2, 0.00);
INSERT INTO Componente (TIPO, STOCK, STOCK_MINIMO, PRECIO_UNIDAD) VALUES ('chai15problacktitanium', 5, 2, 0.00);
INSERT INTO Componente (TIPO, STOCK, STOCK_MINIMO, PRECIO_UNIDAD) VALUES ('chai15prowhitetitanium', 5, 2, 0.00);
INSERT INTO Componente (TIPO, STOCK, STOCK_MINIMO, PRECIO_UNIDAD) VALUES ('chai15probluetitanium', 5, 2, 0.00);
INSERT INTO Componente (TIPO, STOCK, STOCK_MINIMO, PRECIO_UNIDAD) VALUES ('chai15pronaturaltitanium', 5, 2, 0.00);
INSERT INTO Componente (TIPO, STOCK, STOCK_MINIMO, PRECIO_UNIDAD) VALUES ('chai15promaxblacktitanium', 5, 2, 0.00);
INSERT INTO Componente (TIPO, STOCK, STOCK_MINIMO, PRECIO_UNIDAD) VALUES ('chai15promaxwhitetitanium', 5, 2, 0.00);
INSERT INTO Componente (TIPO, STOCK, STOCK_MINIMO, PRECIO_UNIDAD) VALUES ('chai15promaxbluetitanium', 5, 2, 0.00);
INSERT INTO Componente (TIPO, STOCK, STOCK_MINIMO, PRECIO_UNIDAD) VALUES ('chai15promaxnaturaltitanium', 5, 2, 0.00);

-- ── Glass ─────────────────────────────────────────────────────────────────────
INSERT INTO Componente (TIPO, STOCK, STOCK_MINIMO, PRECIO_UNIDAD) VALUES ('gi6sblanca', 5, 2, 0.00);
INSERT INTO Componente (TIPO, STOCK, STOCK_MINIMO, PRECIO_UNIDAD) VALUES ('gi6snegra', 5, 2, 0.00);
INSERT INTO Componente (TIPO, STOCK, STOCK_MINIMO, PRECIO_UNIDAD) VALUES ('gi6splusblanca', 5, 2, 0.00);
INSERT INTO Componente (TIPO, STOCK, STOCK_MINIMO, PRECIO_UNIDAD) VALUES ('gi6splusnegra', 5, 2, 0.00);
INSERT INTO Componente (TIPO, STOCK, STOCK_MINIMO, PRECIO_UNIDAD) VALUES ('gi7blanca', 5, 2, 0.00);
INSERT INTO Componente (TIPO, STOCK, STOCK_MINIMO, PRECIO_UNIDAD) VALUES ('gi7negra', 5, 2, 0.00);
INSERT INTO Componente (TIPO, STOCK, STOCK_MINIMO, PRECIO_UNIDAD) VALUES ('gi7plusblanca', 5, 2, 0.00);
INSERT INTO Componente (TIPO, STOCK, STOCK_MINIMO, PRECIO_UNIDAD) VALUES ('gi7plusnegra', 5, 2, 0.00);
INSERT INTO Componente (TIPO, STOCK, STOCK_MINIMO, PRECIO_UNIDAD) VALUES ('gi8blanca', 5, 2, 0.00);
INSERT INTO Componente (TIPO, STOCK, STOCK_MINIMO, PRECIO_UNIDAD) VALUES ('gi8negra', 5, 2, 0.00);
INSERT INTO Componente (TIPO, STOCK, STOCK_MINIMO, PRECIO_UNIDAD) VALUES ('gi8plusblanca', 5, 2, 0.00);
INSERT INTO Componente (TIPO, STOCK, STOCK_MINIMO, PRECIO_UNIDAD) VALUES ('gi8plusnegra', 5, 2, 0.00);
INSERT INTO Componente (TIPO, STOCK, STOCK_MINIMO, PRECIO_UNIDAD) VALUES ('gixnegra', 5, 2, 0.00);
INSERT INTO Componente (TIPO, STOCK, STOCK_MINIMO, PRECIO_UNIDAD) VALUES ('gixrnegra', 5, 2, 0.00);
INSERT INTO Componente (TIPO, STOCK, STOCK_MINIMO, PRECIO_UNIDAD) VALUES ('gixsmaxnegra', 5, 2, 0.00);
INSERT INTO Componente (TIPO, STOCK, STOCK_MINIMO, PRECIO_UNIDAD) VALUES ('gi11negra', 5, 2, 0.00);
INSERT INTO Componente (TIPO, STOCK, STOCK_MINIMO, PRECIO_UNIDAD) VALUES ('gi11pronegra', 5, 2, 0.00);
INSERT INTO Componente (TIPO, STOCK, STOCK_MINIMO, PRECIO_UNIDAD) VALUES ('gi11promaxnegra', 5, 2, 0.00);
INSERT INTO Componente (TIPO, STOCK, STOCK_MINIMO, PRECIO_UNIDAD) VALUES ('gi12negra', 5, 2, 0.00);
INSERT INTO Componente (TIPO, STOCK, STOCK_MINIMO, PRECIO_UNIDAD) VALUES ('gi12mininegra', 5, 2, 0.00);
INSERT INTO Componente (TIPO, STOCK, STOCK_MINIMO, PRECIO_UNIDAD) VALUES ('gi12promaxnegra', 5, 2, 0.00);
INSERT INTO Componente (TIPO, STOCK, STOCK_MINIMO, PRECIO_UNIDAD) VALUES ('gi13negra', 5, 2, 0.00);
INSERT INTO Componente (TIPO, STOCK, STOCK_MINIMO, PRECIO_UNIDAD) VALUES ('gi13mininegra', 5, 2, 0.00);
INSERT INTO Componente (TIPO, STOCK, STOCK_MINIMO, PRECIO_UNIDAD) VALUES ('gi13promaxnegra', 5, 2, 0.00);
INSERT INTO Componente (TIPO, STOCK, STOCK_MINIMO, PRECIO_UNIDAD) VALUES ('gi14negra', 5, 2, 0.00);
INSERT INTO Componente (TIPO, STOCK, STOCK_MINIMO, PRECIO_UNIDAD) VALUES ('gi14plusnegra', 5, 2, 0.00);
INSERT INTO Componente (TIPO, STOCK, STOCK_MINIMO, PRECIO_UNIDAD) VALUES ('gi14pronegra', 5, 2, 0.00);
INSERT INTO Componente (TIPO, STOCK, STOCK_MINIMO, PRECIO_UNIDAD) VALUES ('gi14promaxnegra', 5, 2, 0.00);
INSERT INTO Componente (TIPO, STOCK, STOCK_MINIMO, PRECIO_UNIDAD) VALUES ('gi15negra', 5, 2, 0.00);
INSERT INTO Componente (TIPO, STOCK, STOCK_MINIMO, PRECIO_UNIDAD) VALUES ('gi15plusnegra', 5, 2, 0.00);
INSERT INTO Componente (TIPO, STOCK, STOCK_MINIMO, PRECIO_UNIDAD) VALUES ('gi15pronegra', 5, 2, 0.00);
INSERT INTO Componente (TIPO, STOCK, STOCK_MINIMO, PRECIO_UNIDAD) VALUES ('gi15promaxnegra', 5, 2, 0.00);
INSERT INTO Componente (TIPO, STOCK, STOCK_MINIMO, PRECIO_UNIDAD) VALUES ('gi16negra', 5, 2, 0.00);
INSERT INTO Componente (TIPO, STOCK, STOCK_MINIMO, PRECIO_UNIDAD) VALUES ('gi16plusnegra', 5, 2, 0.00);
INSERT INTO Componente (TIPO, STOCK, STOCK_MINIMO, PRECIO_UNIDAD) VALUES ('gi16pronegra', 5, 2, 0.00);
INSERT INTO Componente (TIPO, STOCK, STOCK_MINIMO, PRECIO_UNIDAD) VALUES ('gi16enegra', 5, 2, 0.00);
INSERT INTO Componente (TIPO, STOCK, STOCK_MINIMO, PRECIO_UNIDAD) VALUES ('gi16promaxnegra', 5, 2, 0.00);

-- ── Marco ─────────────────────────────────────────────────────────────────────
INSERT INTO Componente (TIPO, STOCK, STOCK_MINIMO, PRECIO_UNIDAD) VALUES ('mcixnegra', 5, 2, 0.00);
INSERT INTO Componente (TIPO, STOCK, STOCK_MINIMO, PRECIO_UNIDAD) VALUES ('mcixsnegra', 5, 2, 0.00);
INSERT INTO Componente (TIPO, STOCK, STOCK_MINIMO, PRECIO_UNIDAD) VALUES ('mcixsmaxnegra', 5, 2, 0.00);
INSERT INTO Componente (TIPO, STOCK, STOCK_MINIMO, PRECIO_UNIDAD) VALUES ('mci11pronegra', 5, 2, 0.00);
INSERT INTO Componente (TIPO, STOCK, STOCK_MINIMO, PRECIO_UNIDAD) VALUES ('mci11promaxnegra', 5, 2, 0.00);
INSERT INTO Componente (TIPO, STOCK, STOCK_MINIMO, PRECIO_UNIDAD) VALUES ('mci12negra', 5, 2, 0.00);
INSERT INTO Componente (TIPO, STOCK, STOCK_MINIMO, PRECIO_UNIDAD) VALUES ('mci12mininegra', 5, 2, 0.00);
INSERT INTO Componente (TIPO, STOCK, STOCK_MINIMO, PRECIO_UNIDAD) VALUES ('mci12promaxnegra', 5, 2, 0.00);
INSERT INTO Componente (TIPO, STOCK, STOCK_MINIMO, PRECIO_UNIDAD) VALUES ('mci13negra', 5, 2, 0.00);
INSERT INTO Componente (TIPO, STOCK, STOCK_MINIMO, PRECIO_UNIDAD) VALUES ('mci13mininegra', 5, 2, 0.00);
INSERT INTO Componente (TIPO, STOCK, STOCK_MINIMO, PRECIO_UNIDAD) VALUES ('mci13pronegra', 5, 2, 0.00);
INSERT INTO Componente (TIPO, STOCK, STOCK_MINIMO, PRECIO_UNIDAD) VALUES ('mci13promaxnegra', 5, 2, 0.00);
INSERT INTO Componente (TIPO, STOCK, STOCK_MINIMO, PRECIO_UNIDAD) VALUES ('mci14negra', 5, 2, 0.00);
INSERT INTO Componente (TIPO, STOCK, STOCK_MINIMO, PRECIO_UNIDAD) VALUES ('mci14plusnegra', 5, 2, 0.00);
INSERT INTO Componente (TIPO, STOCK, STOCK_MINIMO, PRECIO_UNIDAD) VALUES ('mci14pronegra', 5, 2, 0.00);
INSERT INTO Componente (TIPO, STOCK, STOCK_MINIMO, PRECIO_UNIDAD) VALUES ('mci14promaxnegra', 5, 2, 0.00);
INSERT INTO Componente (TIPO, STOCK, STOCK_MINIMO, PRECIO_UNIDAD) VALUES ('mci15negra', 5, 2, 0.00);
INSERT INTO Componente (TIPO, STOCK, STOCK_MINIMO, PRECIO_UNIDAD) VALUES ('mci15plusnegra', 5, 2, 0.00);
INSERT INTO Componente (TIPO, STOCK, STOCK_MINIMO, PRECIO_UNIDAD) VALUES ('mci15pronegra', 5, 2, 0.00);
INSERT INTO Componente (TIPO, STOCK, STOCK_MINIMO, PRECIO_UNIDAD) VALUES ('mci15promaxnegra', 5, 2, 0.00);
INSERT INTO Componente (TIPO, STOCK, STOCK_MINIMO, PRECIO_UNIDAD) VALUES ('mci16negra', 5, 2, 0.00);
INSERT INTO Componente (TIPO, STOCK, STOCK_MINIMO, PRECIO_UNIDAD) VALUES ('mci16promaxnegra', 5, 2, 0.00);
INSERT INTO Componente (TIPO, STOCK, STOCK_MINIMO, PRECIO_UNIDAD) VALUES ('mci16pronegra', 5, 2, 0.00);
INSERT INTO Componente (TIPO, STOCK, STOCK_MINIMO, PRECIO_UNIDAD) VALUES ('mci16enegra', 5, 2, 0.00);

-- ── Técnicos ──────────────────────────────────────────────────────────────────
INSERT INTO Tecnico (ID_TEC, NOMBRE) VALUES (1, 'Ángelo');
INSERT INTO Tecnico (ID_TEC, NOMBRE) VALUES (2, 'Daniel');
INSERT INTO Tecnico (ID_TEC, NOMBRE) VALUES (3, 'Admin');

-- ── Usuarios ──────────────────────────────────────────────────────────────────
INSERT INTO Usuario (NOMBRE_USUARIO, PASSWORD, ROL, ID_TEC)
VALUES ('admin',  '$2a$10$89OoWr1AD1dbESqCVGhGVOBWILu0ld117qcCSS68z1dH4k/A7MjBu', 'ADMIN',   3);
INSERT INTO Usuario (NOMBRE_USUARIO, PASSWORD, ROL, ID_TEC)
VALUES ('angelo', '$2a$10$WwWX69tAaqxGhUmwD6Rlj.Z0k3deSmIwpidcGBNnAhHD.wlAraVRa', 'TECNICO', 1);
INSERT INTO Usuario (NOMBRE_USUARIO, PASSWORD, ROL, ID_TEC)
VALUES ('daniel', '$2a$10$WwWX69tAaqxGhUmwD6Rlj.Z0k3deSmIwpidcGBNnAhHD.wlAraVRa', 'TECNICO', 2);

-- ── Teléfonos ─────────────────────────────────────────────────────────────────
-- 987654321000003 → reparación normal
-- 345234532340002 → incidencia abierta
-- 122323525560001 → incidencia resuelta
-- 111111111111111 → pendiente Ángelo (sin historial)
-- 222222222222222 → pendiente Daniel  (sin historial)
-- 333333333333333 → pendiente Ángelo con solicitud de pieza
INSERT INTO Telefono (IMEI) VALUES ('987654321000003');
INSERT INTO Telefono (IMEI) VALUES ('345234532340002');
INSERT INTO Telefono (IMEI) VALUES ('122323525560001');
INSERT INTO Telefono (IMEI) VALUES ('111111111111111');
INSERT INTO Telefono (IMEI) VALUES ('222222222222222');
INSERT INTO Telefono (IMEI) VALUES ('333333333333333');

-- ── Escenario 1: Reparación normal sin incidencia ─────────────────────────────
INSERT INTO Reparacion (ID_REP, FECHA_ASIG, FECHA_FIN, IMEI, ID_TEC, ID_REP_ANTERIOR)
VALUES ('R20260210_1', '2026-02-10 09:00:00', '2026-02-10 10:00:00', '987654321000003', 1, NULL);
INSERT INTO Reparacion_componente (ID_REP, ID_COM, ES_REUTILIZADO, ES_INCIDENCIA, ES_RESUELTO, INCIDENCIA, OBSERVACIONES, ES_SOLICITUD, DESCRIPCION_SOLICITUD)
VALUES ('R20260210_1', 36, FALSE, FALSE, FALSE, NULL, 'Batería sustituida correctamente', 0, NULL);

-- ── Escenario 2: Incidencia abierta ──────────────────────────────────────────
INSERT INTO Reparacion (ID_REP, FECHA_ASIG, FECHA_FIN, IMEI, ID_TEC, ID_REP_ANTERIOR)
VALUES ('R20260211_1', '2026-02-11 10:00:00', '2026-02-11 11:00:00', '345234532340002', 2, NULL);
INSERT INTO Reparacion_componente (ID_REP, ID_COM, ES_REUTILIZADO, ES_INCIDENCIA, ES_RESUELTO, INCIDENCIA, OBSERVACIONES, ES_SOLICITUD, DESCRIPCION_SOLICITUD)
VALUES ('R20260211_1', 52, FALSE, TRUE, FALSE, 'No se ha pegado bien la batería', 'El dispositivo se reinicia', 0, NULL);

-- ── Escenario 3: Incidencia resuelta ─────────────────────────────────────────
INSERT INTO Reparacion (ID_REP, FECHA_ASIG, FECHA_FIN, IMEI, ID_TEC, ID_REP_ANTERIOR)
VALUES ('R20260215_1', '2026-02-15 08:00:00', '2026-02-15 09:00:00', '122323525560001', 1, NULL);
INSERT INTO Reparacion_componente (ID_REP, ID_COM, ES_REUTILIZADO, ES_INCIDENCIA, ES_RESUELTO, INCIDENCIA, OBSERVACIONES, ES_SOLICITUD, DESCRIPCION_SOLICITUD)
VALUES ('R20260215_1', 70, FALSE, TRUE, TRUE, 'Pantalla no encendía tras la reparación', 'Pantalla instalada pero sin retroiluminación', 0, NULL);

INSERT INTO Reparacion (ID_REP, FECHA_ASIG, FECHA_FIN, IMEI, ID_TEC, ID_REP_ANTERIOR)
VALUES ('R20260216_1', '2026-02-16 09:00:00', '2026-02-16 10:00:00', '122323525560001', 1, 'R20260215_1');
INSERT INTO Reparacion_componente (ID_REP, ID_COM, ES_REUTILIZADO, ES_INCIDENCIA, ES_RESUELTO, INCIDENCIA, OBSERVACIONES, ES_SOLICITUD, DESCRIPCION_SOLICITUD)
VALUES ('R20260216_1', 70, FALSE, FALSE, FALSE, NULL, 'Incidencia resuelta, pantalla recolocada y retroiluminación restaurada', 0, NULL);

-- ── Escenario 4: Asignaciones pendientes ─────────────────────────────────────
INSERT INTO Reparacion (ID_REP, FECHA_ASIG, FECHA_FIN, IMEI, ID_TEC, ID_REP_ANTERIOR)
VALUES ('A20260313_1', '2026-03-13 09:00:00', NULL, '111111111111111', 1, NULL);

INSERT INTO Reparacion (ID_REP, FECHA_ASIG, FECHA_FIN, IMEI, ID_TEC, ID_REP_ANTERIOR)
VALUES ('A20260313_2', '2026-03-13 09:30:00', NULL, '222222222222222', 2, NULL);

INSERT INTO Reparacion (ID_REP, FECHA_ASIG, FECHA_FIN, IMEI, ID_TEC, ID_REP_ANTERIOR)
VALUES ('A20260313_3', '2026-03-13 10:00:00', NULL, '345234532340002', 2, NULL);

-- ── Escenario 5: Asignación con solicitud de pieza ────────────────────────────
INSERT INTO Reparacion (ID_REP, FECHA_ASIG, FECHA_FIN, IMEI, ID_TEC, ID_REP_ANTERIOR)
VALUES ('A20260318_1', '2026-03-18 11:00:00', NULL, '333333333333333', 1, NULL);
INSERT INTO Reparacion_componente (ID_REP, ID_COM, ES_REUTILIZADO, ES_INCIDENCIA, ES_RESUELTO, INCIDENCIA, OBSERVACIONES, ES_SOLICITUD, DESCRIPCION_SOLICITUD)
VALUES ('A20260318_1', 36, FALSE, FALSE, FALSE, NULL, NULL, 1, 'La batería del proveedor habitual está agotada. Pendiente de reposición.');

SET SQL_SAFE_UPDATES = 1;
